{
  "leftHand": [
    941.0,
    225.0
  ],
  "leftForeArm": [
    877.6666666666666,
    163.33333333333334
  ],
  "leftUpperArm": [
    707.6666666666666,
    108.33333333333334
  ],
  "leftShoulder": [
    594.3333333333333,
    113.33333333333334
  ],
  "rightShoulder": [
    491.6666666666667,
    113.33333333333334
  ],
  "rightUpperArm": [
    378.33333333333337,
    108.33333333333334
  ],
  "rightForeArm": [
    208.33333333333337,
    163.33333333333334
  ],
  "rightHand": [
    145.0,
    225.0
  ],
  "leftNeck": [
    567.6666666666666,
    65.0
  ],
  "rightNeck": [
    518.3333333333334,
    65.0
  ],
  "upperSpine": [
    543.0,
    171.0
  ],
  "middleSpine": [
    548.0,
    258.0
  ],
  "hip": [
    546.0,
    340.0
  ],
  "buttocks_left": [
    599.0,
    392.0
  ],
  "buttocks_right": [
    487.0,
    392.0
  ],
  "leftUpperLeg": [
    608.3333333333334,
    493.33333333333337
  ],
  "leftLowerLeg": [
    611.6666666666667,
    741.6666666666667
  ],
  "leftFoot": [
    613.3333333333334,
    858.3333333333334
  ],
  "rightUpperLeg": [
    477.66666666666663,
    493.33333333333337
  ],
  "rightLowerLeg": [
    474.33333333333326,
    741.6666666666667
  ],
  "rightFoot": [
    472.66666666666663,
    858.3333333333334
  ],
  "Head": [
    545.7142857142858,
    14.285714285714286
  ],
  "rightElbow": [
    290.0,
    130.0
  ],
  "leftElbow": [
    796.0,
    130.0
  ],
  "rightKnee": [
    472.66666666666663,
    631.6666666666667
  ],
  "leftKnee": [
    613.3333333333334,
    631.6666666666667
  ]
}