{
  "scale": 1.654672735131496,
  "t": [
    -0.2126680314540863,
    -0.20099535584449768,
    3.7452197074890137
  ]
}