{
    "leftToeBase": {
        "point": [
            0.08961803466081619,
            -1.158461093902588,
            0.12497249990701675
        ],
        "index": 3296
    },
    "leftShoulder_front": {
        "point": [
            0.10320428013801575,
            0.17415672540664673,
            0.0894765630364418
        ],
        "index": 624
    },
    "rightShoulder_front": {
        "point": [
            -0.09963607043027878,
            0.1715424358844757,
            0.08891892433166504
        ],
        "index": 4112
    },
    "leftShoulder_back": {
        "point": [
            0.14385202527046204,
            0.19040547311306,
            -0.09396575391292572
        ],
        "index": 2948
    },
    "rightShoulder_back": {
        "point": [
            -0.15382465720176697,
            0.18031825125217438,
            -0.09050072729587555
        ],
        "index": 6400
    },
    "leftNeck_front": {
        "point": [
            0.025777146220207214,
            0.2707297205924988,
            0.051818545907735825
        ],
        "index": 570
    },
    "rightNeck_back": {
        "point": [
            0.025194840505719185,
            0.30916523933410645,
            -0.051029279828071594
        ],
        "index": 426
    },
    "leftNeck_back": {
        "point": [
            -0.03838574141263962,
            0.30945950746536255,
            -0.04443947225809097
        ],
        "index": 3920
    },
    "rightNeck_front": {
        "point": [
            -0.03219059109687805,
            0.27162301540374756,
            0.044744912534952164
        ],
        "index": 4788
    },
    "rightToeBase": {
        "point": [
            -0.09201300889253616,
            -1.159464716911316,
            0.12658531963825226
        ],
        "index": 6696
    },
    "leftUpperLeg_inner": {
        "point": [
            0.15323729813098907,
            -0.5595676898956299,
            0.04828023537993431
        ],
        "index": 976
    },
    "leftUpperLeg_outer": {
        "point": [
            0.014622939750552177,
            -0.5390522480010986,
            0.022082993760704994
        ],
        "index": 953
    },
    "rightUpperLeg_inner": {
        "point": [
            -0.01814178377389908,
            -0.5398873686790466,
            0.01611366868019104
        ],
        "index": 4439
    },
    "rightUpperLeg_outer": {
        "point": [
            -0.16132205724716187,
            -0.5515788793563843,
            0.013139422051608562
        ],
        "index": 4466
    },
    "leftForeArm_back": {
        "point": [
            0.5269845724105835,
            0.2615951895713806,
            -0.03474673628807068
        ],
        "index": 1570
    },
    "leftForeArm_pinky": {
        "point": [
            0.5004372000694275,
            0.21450933814048767,
            -0.07384000718593597
        ],
        "index": 1606
    },
    "leftForeArm_wrist": {
        "point": [
            0.524914562702179,
            0.18397773802280426,
            -0.02467048168182373
        ],
        "index": 1594
    },
    "leftForeArm_thumb": {
        "point": [
            0.5280420780181885,
            0.2361685037612915,
            -0.003933133091777563
        ],
        "index": 1691
    },
    "rightForeArm_back": {
        "point": [
            -0.5451365113258362,
            0.25736919045448303,
            -0.037386734038591385
        ],
        "index": 5016
    },
    "rightForeArm_pinky": {
        "point": [
            -0.5403071045875549,
            0.2216566503047943,
            -0.07797005772590637
        ],
        "index": 5155
    },
    "rightForeArm_wrist": {
        "point": [
            -0.5444263815879822,
            0.18219611048698425,
            -0.03038655035197735
        ],
        "index": 5021
    },
    "rightForeArm_thumb": {
        "point": [
            -0.5243167877197266,
            0.22007033228874207,
            -0.0037103050854057074
        ],
        "index": 5050
    },
    "leftUpperArm_up": {
        "point": [
            0.31750214099884033,
            0.25254324078559875,
            -0.0048822807148098946
        ],
        "index": 1311
    },
    "leftUpperArm_down": {
        "point": [
            0.3031734526157379,
            0.16252350807189941,
            -0.03568176180124283
        ],
        "index": 790
    },
    "leftUpperArm_back": {
        "point": [
            -0.32741960883140564,
            0.2208079695701599,
            -0.07342494279146194
        ],
        "index": 4866
    },
    "leftUpperArm_front": {
        "point": [
            0.31685498356819153,
            0.2099880427122116,
            0.01931420899927616
        ],
        "index": 628
    },
    "rightUpperArm_back": {
        "point": [
            0.30114123225212097,
            0.21629443764686584,
            -0.07305517792701721
        ],
        "index": 1904
    },
    "rightUpperArm_up": {
        "point": [
            -0.316419780254364,
            0.2500571608543396,
            -0.0057764118537306786
        ],
        "index": 4791
    },
    "rightUpperArm_front": {
        "point": [
            -0.315670907497406,
            0.20700518786907196,
            0.01878594048321247
        ],
        "index": 4116
    },
    "rightUpperArm_down": {
        "point": [
            -0.30229291319847107,
            0.16121818125247955,
            -0.03853283077478409
        ],
        "index": 4278
    },
    "leftLowerLeg_front": {
        "point": [
            0.07753302901983261,
            -0.9084082245826721,
            0.004611885640770197
        ],
        "index": 1373
    },
    "rightLowerLeg_front": {
        "point": [
            -0.08162324875593185,
            -0.9075735807418823,
            0.0027678683400154114
        ],
        "index": 4846
    },
    "rightLowerLeg_outer": {
        "point": [
            -0.14845454692840576,
            -0.897704005241394,
            -0.05323367193341255
        ],
        "index": 4600
    },
    "leftLowerLeg_outer": {
        "point": [
            0.1467452049255371,
            -0.8977399468421936,
            -0.05001687631011009
        ],
        "index": 1114
    },
    "leftLowerLeg_back": {
        "point": [
            -0.0847715511918068,
            -0.8951838612556458,
            -0.08119742572307587
        ],
        "index": 4597
    },
    "rightLowerLeg_back": {
        "point": [
            0.08387165516614914,
            -0.8952505588531494,
            -0.08025780320167542
        ],
        "index": 1109
    },
    "leftLowerLeg_inner": {
        "point": [
            0.05019709840416908,
            -0.8999656438827515,
            -0.044994719326496124
        ],
        "index": 1107
    },
    "rightLowerLeg_inner": {
        "point": [
            -0.05819620192050934,
            -0.8978170156478882,
            -0.06114030256867409
        ],
        "index": 5001
    },
    "rightUpperLeg_front": {
        "point": [
            -0.08181407302618027,
            -0.5655772089958191,
            0.0962032824754715
        ],
        "index": 4671
    },
    "rightUpperLeg_back": {
        "point": [
            -0.09595455229282379,
            -0.5311209559440613,
            -0.060459256172180176
        ],
        "index": 4473
    },
    "leftUpperLeg_front": {
        "point": [
            0.07988768815994263,
            -0.5641175508499146,
            0.1003427729010582
        ],
        "index": 1187
    },
    "leftUpperLeg_back": {
        "point": [
            0.06588906049728394,
            -0.5300132632255554,
            -0.054228704422712326
        ],
        "index": 990
    },
    "rightFoot_instep": {
        "point": [
            -0.11779965460300446,
            -1.1105140447616577,
            0.060459982603788376
        ],
        "index": 6766
    },